                         /|
                        / /
                  _.--"/ /""''''----....__
            .--'``'' .`0   , ';-''''''''''`\-._
         .'`/ .'   .'   |,-` /-'           ))  `-_
       .'  (('   .' .-` / `-'                     '.
      /   .'    /.-`   /       <\              _    '.
     /   /     `'---''`         \\          _/{       `-
    /   /                _       \\       _-   -_       `-_
    L  /               /{        / `\   _-     - -_        '_
   J  /              _~  =      ( @  \ -        -  -_        '_
   L /             _- -   ~-_   \( =\ \           -  -_        -
  J /            _~  -       ~_ | 1 :\ \      _-~-_ -  -_       `_
  |/           _-   -          ~  |V: \ \  _-~     ~-_-  -_       -
  |         _-~   -            /  | :  \ \            ~-_- -_      \
         _-~    -   _.._      {   | : _-``               ~- _-_  
      _-~   -__..--~    ~-_  {   : \:}                           
    =~__.--~~              ~-_\  :  /                            
                               \ : /__                           
                              //`Y'--\\                          
                             <+       \\                         
                             MMM      WWW                    
